url,fetched_at,status_code,content_type,schema_types,word_count_est,evidence_json
https://www.stephenmadigan.ca/,2026-02-12T12:58:43.425687,200,other,"[""WebPage"", ""Organization"", ""BreadcrumbList"", ""PropertyValueSpecification"", ""ListItem"", ""EntryPoint"", ""WebSite"", ""ReadAction"", ""ImageObject"", ""SearchAction""]",742,"[""fallback""]"
https://www.psychologytoday.com/ca/therapists/bc/vancouver?category=marriage-counselling,2026-02-12T13:12:54.028770,200,guide,"[""SearchResultsPage"", ""PostalAddress"", ""Person"", ""Place"", ""Country"", ""GeoCoordinates"", ""Organization""]",4686,"[""high_word_count""]"
https://susangamache.com/about/,2026-02-12T13:37:39.471520,200,other,[],1183,"[""fallback""]"
https://www.familyservices.bc.ca/,2026-02-12T15:53:54.671465,200,other,"[""BreadcrumbList"", ""ReadAction"", ""SearchAction"", ""WebPage"", ""ListItem"", ""PropertyValueSpecification"", ""EntryPoint"", ""WebSite""]",1199,"[""fallback""]"
https://www.jerichocounselling.com/couples-marriage-counselling/,2026-02-12T15:54:08.821987,200,guide,"[""BreadcrumbList"", ""ReadAction"", ""SearchAction"", ""WebPage"", ""ListItem"", ""PropertyValueSpecification"", ""EntryPoint"", ""WebSite""]",1522,"[""high_word_count""]"
https://www.blueskywellnessclinic.ca/school-work-difficulties/,2026-02-13T13:25:57.858900,200,other,[],840,"[""fallback""]"
https://www.bcmhsus.ca/about-us/getting-help,2026-02-13T13:47:54.375075,403,other,[],82,"[""fallback""]"
https://wellspringcounselling.ca/therapy/stress/,2026-02-13T13:47:58.926974,200,guide,"[""Question"", ""Place"", ""Answer"", ""ContactPoint"", ""ImageObject"", ""WebSite"", ""ListItem"", ""GeoCoordinates"", ""PostalAddress"", ""FAQPage"", ""WebPage"", ""BreadcrumbList"", ""Organization"", ""VideoObject"", ""MedicalOrganization"", ""QuantitativeValue""]",2236,"[""high_word_count""]"
https://www.chipperfieldphysio.ca/blog-1/how-clinical-counselling-can-help-you-manage-stress-and-anxiety-in-vancouver,2026-02-13T13:47:59.694530,200,other,"[""ImageObject"", ""WebSite"", ""LocalBusiness"", ""Article"", ""Organization""]",774,"[""fallback""]"
https://www.heretohelp.bc.ca/infosheet/stress,2026-02-13T13:49:52.342318,200,guide,[],1917,"[""high_word_count""]"
https://www.vch.ca/en/health-topics/depression-mood-and-anxiety,2026-02-13T13:49:52.417031,403,other,[],82,"[""fallback""]"
https://www2.gov.bc.ca/gov/content/health/managing-your-health/mental-health-substance-use/virtual-mental-health-supports,2026-02-13T13:49:53.200580,200,guide,[],2351,"[""high_word_count""]"
https://keltymentalhealth.ca/,2026-02-13T13:49:53.638794,200,other,[],1409,"[""fallback""]"
https://www.canada.ca/en/public-health/services/mental-health-services/mental-health-get-help.html,2026-02-13T13:49:59.000354,200,guide,[],1738,"[""high_word_count""]"
https://www.gv.ymca.ca/mental-wellness,2026-02-13T13:49:59.781861,200,other,[],787,"[""fallback""]"
https://www.anxietycanada.com/,2026-02-13T13:50:02.400122,200,other,"[""BreadcrumbList"", ""ReadAction"", ""Organization"", ""PropertyValueSpecification"", ""EntryPoint"", ""ImageObject"", ""WebSite"", ""ListItem"", ""WebPage"", ""SearchAction""]",693,"[""fallback""]"
https://students.ubc.ca/health/counselling-services/,2026-02-13T13:50:02.717447,200,news,"[""BreadcrumbList"", ""Organization"", ""ImageObject"", ""ListItem"", ""WebPage""]",2142,"[""meta_article_published""]"
https://openspacecounselling.ca/burnout-stress-therapy/,2026-02-13T13:50:04.282394,200,guide,"[""AggregateRating"", ""Service"", ""Offer"", ""ReadAction"", ""Organization"", ""PostalAddress"", ""Question"", ""SearchAction"", ""PropertyValueSpecification"", ""LocalBusiness"", ""ListItem"", ""WebPage"", ""Country"", ""BreadcrumbList"", ""OpeningHoursSpecification"", ""FAQPage"", ""WebSite"", ""Answer"", ""ImageObject"", ""EntryPoint"", ""Person""]",1842,"[""high_word_count""]"
https://www.westcoastresiliency.com/,2026-02-13T13:50:04.981440,200,other,"[""LocalBusiness"", ""WebSite""]",373,"[""fallback""]"
https://lotustherapy.ca/therapy-for-stress-and-burnout/,2026-02-13T13:50:06.296232,200,news,"[""Organization"", ""PostalAddress"", ""ImageObject"", ""MedicalClinic"", ""Place"", ""WebSite"", ""WebPage"", ""Person"", ""Article""]",1492,"[""meta_article_published""]"
https://www.blueskywellnessclinic.ca/counselling-for-burnout/,2026-02-13T13:50:07.397536,200,other,[],731,"[""fallback""]"
https://wisemindcentre.com/,2026-02-13T13:50:09.745983,200,guide,"[""BreadcrumbList"", ""ContactPoint"", ""Organization"", ""ImageObject"", ""WebSite"", ""Person"", ""ListItem"", ""SearchAction""]",1778,"[""high_word_count""]"
https://kerrymoller.com/services/anxiety/,2026-02-13T13:50:10.794389,200,other,"[""BreadcrumbList"", ""ReadAction"", ""Organization"", ""PropertyValueSpecification"", ""ImageObject"", ""EntryPoint"", ""WebSite"", ""ListItem"", ""WebPage"", ""SearchAction""]",533,"[""fallback""]"
https://www.womensmentalhealth.ca/,2026-02-13T13:50:12.081776,200,other,[],992,"[""fallback""]"
https://lonsdalepsychology.ca/,2026-02-13T14:06:30.870909,200,service,"[""AboutPage"", ""OpeningHoursSpecification"", ""DefinedTerm"", ""Physician"", ""GeoCoordinates"", ""MonetaryAmount"", ""Answer"", ""PostalAddress"", ""SpeakableSpecification"", ""AggregateRating"", ""ContactPage"", ""SearchAction"", ""ImageObject"", ""DefinedTermSet"", ""City"", ""ItemList"", ""SiteNavigationElement"", ""Question"", ""Organization"", ""MedicalBusiness"", ""QuantitativeValue"", ""OfferCatalog"", ""ListItem"", ""ContactPoint"", ""ScheduleAction"", ""QAPage"", ""HowTo"", ""EntryPoint"", ""Offer"", ""WebPage"", ""WebSite"", ""Service"", ""HowToStep"", ""FAQPage"", ""ProfessionalService"", ""Thing""]",639,"[""service_keywords:schedule consultation,our services,contact us""]"
https://caralynnemclean.com/,2026-02-13T14:06:38.390484,200,news,"[""BreadcrumbList"", ""EntryPoint"", ""WebPage"", ""Organization"", ""WebSite"", ""ListItem"", ""SearchAction""]",496,"[""meta_article_published""]"
https://mastermindcentres.ca/,2026-02-13T14:06:39.568031,200,other,"[""BreadcrumbList"", ""ImageObject"", ""EntryPoint"", ""WebPage"", ""Organization"", ""WebSite"", ""ListItem"", ""ReadAction"", ""SearchAction""]",817,"[""fallback""]"
https://www.northshorecbt.com/,2026-02-13T14:26:36.547223,200,other,"[""WebSite"", ""LocalBusiness"", ""PostalAddress""]",298,"[""fallback""]"
https://www.nssac.ca/,2026-02-13T14:26:36.965216,200,service,[],670,"[""service_keywords:our services,contact us""]"
https://bloompsychologyclinic.ca/,2026-02-13T14:26:37.509743,200,other,"[""Organization"", ""WebSite"", ""ReadAction"", ""SearchAction"", ""WebPage"", ""ImageObject""]",382,"[""fallback""]"
https://www.theravive.com/cities/bc/counsellor-north-vancouver.aspx,2026-02-13T14:26:41.496200,200,guide,"[""BreadcrumbList"", ""LocalBusiness"", ""Service"", ""ListItem"", ""PostalAddress""]",1533,"[""high_word_count""]"
https://openspacecounselling.ca/hello-north-shore-new-location/,2026-02-13T14:26:42.587741,200,news,"[""WebSite"", ""SearchAction"", ""Offer"", ""Article"", ""Person"", ""ImageObject"", ""EntryPoint"", ""FAQPage"", ""Question"", ""WebPage"", ""AggregateRating"", ""OpeningHoursSpecification"", ""BreadcrumbList"", ""LocalBusiness"", ""Answer"", ""ReadAction"", ""Organization"", ""PostalAddress"", ""Country"", ""Service"", ""ListItem"", ""PropertyValueSpecification""]",1356,"[""meta_article_published""]"
https://www.therapytribe.com/therapist/british-columbia-bc-north-vancouver/relationship-and-marriage-counseling/,2026-02-13T14:26:43.637312,200,guide,"[""BreadcrumbList"", ""LocalBusiness"", ""ItemList"", ""CollectionPage"", ""ListItem"", ""Person"", ""Organization"", ""PostalAddress""]",2337,"[""high_word_count""]"
https://m.yelp.com/search?find_desc=Therapist+Counseling&find_loc=North+Vancouver%2C+BC,2026-02-13T14:26:43.795082,403,other,[],9,"[""fallback""]"
https://hr.ubc.ca/working-ubc/news/june-10-2021/tips-help-you-choose-counsellor,2026-02-13T14:27:03.388805,200,other,[],1056,"[""fallback""]"
https://www.riseandshinecounselling.ca/post/how-to-find-the-right-counsellor-in-vancouver-for-you,2026-02-13T14:27:04.430285,200,news,"[""itemPage"", ""Organization"", ""Person"", ""ImageObject"", ""BlogPosting""]",661,"[""meta_article_published""]"
https://fieldworkcounselling.ca/choosing-the-right-counsellor-in-vancouver/,2026-02-13T14:27:06.301115,200,news,"[""Place"", ""OpeningHoursSpecification"", ""Organization"", ""BreadcrumbList"", ""WebSite"", ""EntryPoint"", ""ReadAction"", ""ProfessionalService"", ""SearchAction"", ""ListItem"", ""WebPage"", ""Article"", ""Person"", ""ImageObject"", ""PropertyValueSpecification"", ""PostalAddress""]",2484,"[""meta_article_published""]"
https://www.aimhypnotherapy.com/choosing-a-therapist,2026-02-13T14:27:07.200074,200,other,"[""WebSite"", ""LocalBusiness"", ""Organization""]",903,"[""fallback""]"
https://bcacc.ca/how-to-choose-a-counsellor/,2026-02-13T14:27:11.629148,200,guide,"[""Organization"", ""BreadcrumbList"", ""WebSite"", ""EntryPoint"", ""ReadAction"", ""SearchAction"", ""ListItem"", ""WebPage"", ""ImageObject"", ""PropertyValueSpecification""]",1544,"[""title_informational""]"
https://arccounselling.ca/best-counsellors-vancouver/,2026-02-13T14:27:14.492766,200,directory,[],2638,"[""url_pattern_directory""]"
https://www.newtides.ca/blog/how-to-find-a-counsellor-vancouver,2026-02-13T14:27:15.732912,200,guide,"[""Organization"", ""WebSite"", ""LocalBusiness"", ""Article"", ""ImageObject""]",2479,"[""title_informational""]"
https://moderntherapy.ca/tips-choosing-right-therapist-vancouver/,2026-02-13T14:27:17.937359,200,news,"[""OpeningHoursSpecification"", ""Organization"", ""BreadcrumbList"", ""WebSite"", ""EntryPoint"", ""GeoCoordinates"", ""LocalBusiness"", ""ReadAction"", ""SearchAction"", ""ListItem"", ""WebPage"", ""CommentAction"", ""Article"", ""Person"", ""ImageObject"", ""PropertyValueSpecification"", ""PostalAddress""]",1644,"[""meta_article_published""]"
https://www.reddit.com/r/NiceVancouver/comments/1f3gbkg/looking_for_suggestions_on_a_therapistpsychologist/,2026-02-13T14:27:18.403186,200,other,[],263,"[""fallback""]"
https://counselling-vancouver.com/about-us/choosing-a-counsellor/,2026-02-13T14:27:19.006907,200,news,"[""Organization"", ""WebSite"", ""WebPage"", ""Article"", ""Person"", ""ImageObject""]",940,"[""meta_article_published""]"
https://www.nimblecounselling.com/blog/guide-to-counsellors-in-bc,2026-02-13T14:27:19.728479,200,guide,"[""Organization"", ""WebSite"", ""LocalBusiness"", ""Article"", ""ImageObject""]",5699,"[""title_informational""]"
https://alivecounselling.com/counselling-resources/common-questions-when-considering-counselling-or-therapy-including-how-do-i-find-counselling-online-or-counselling-in-kelowna-british-columbia-do-i-just-google-it/,2026-02-13T14:27:22.096669,200,news,"[""Organization"", ""BreadcrumbList"", ""WebSite"", ""EntryPoint"", ""ReadAction"", ""SearchAction"", ""ListItem"", ""WebPage"", ""Article"", ""Person"", ""ImageObject"", ""PropertyValueSpecification""]",1300,"[""meta_article_published""]"
https://bcacc.ca/bcacc-fee-guide-2024/,2026-02-13T14:27:58.816308,200,guide,"[""BreadcrumbList"", ""WebSite"", ""EntryPoint"", ""ReadAction"", ""ImageObject"", ""SearchAction"", ""ListItem"", ""WebPage"", ""Organization"", ""PropertyValueSpecification""]",816,"[""title_informational""]"
https://www.healingspaces.center/fees/,2026-02-13T14:27:59.906541,200,service,"[""BreadcrumbList"", ""WebSite"", ""EntryPoint"", ""ReadAction"", ""SearchAction"", ""ListItem"", ""WebPage"", ""ImageObject"", ""PropertyValueSpecification""]",801,"[""service_keywords:pricing,contact us""]"
https://www.jerichocounselling.com/who-we-are/rates/registered-therapists-rates/,2026-02-13T14:28:04.151142,200,other,"[""BreadcrumbList"", ""WebSite"", ""EntryPoint"", ""ReadAction"", ""SearchAction"", ""ListItem"", ""WebPage"", ""PropertyValueSpecification""]",1133,"[""fallback""]"
https://www.vancouverpsychologycentre.com/faq/,2026-02-13T14:28:04.917368,200,news,"[""Organization"", ""WebSite"", ""WebPage"", ""Article"", ""Person"", ""ImageObject""]",1143,"[""meta_article_published""]"
https://www.firstsession.com/resources/therapy-costs-how-much,2026-02-13T14:28:05.429252,200,guide,"[""BreadcrumbList"", ""ContactPoint"", ""ImageObject"", ""ListItem"", ""WebPage"", ""Article"", ""Person"", ""Organization"", ""PostalAddress""]",2589,"[""high_word_count""]"
https://lotustherapy.ca/fees/,2026-02-13T14:28:06.389851,200,news,"[""Place"", ""Organization"", ""WebSite"", ""MedicalClinic"", ""WebPage"", ""Article"", ""Person"", ""ImageObject"", ""PostalAddress""]",897,"[""meta_article_published""]"
https://www.familyservices.bc.ca/find-support/counselling-support/,2026-02-13T15:32:03.108501,200,directory,"[""WebPage"", ""SearchAction"", ""EntryPoint"", ""ReadAction"", ""WebSite"", ""BreadcrumbList"", ""PropertyValueSpecification"", ""ListItem""]",826,"[""url_pattern_directory""]"
https://www.vch.ca/en/location-service/youth-drop-mental-health-counselling-foundry-north-shore,2026-02-13T15:32:04.907356,403,other,[],82,"[""fallback""]"
https://livingsystems.ca/,2026-02-13T15:32:09.790999,200,other,"[""ImageObject"", ""Person"", ""QuantitativeValue"", ""WebPage"", ""SearchAction"", ""Article"", ""EntryPoint"", ""ReadAction"", ""Organization"", ""WebSite"", ""BreadcrumbList"", ""PropertyValueSpecification"", ""ListItem""]",641,"[""fallback""]"
https://foundrybc.ca/centre/north-shore/,2026-02-13T15:32:13.579617,200,guide,"[""ImageObject"", ""WebPage"", ""SearchAction"", ""EntryPoint"", ""ReadAction"", ""Organization"", ""WebSite"", ""BreadcrumbList"", ""PropertyValueSpecification"", ""ListItem""]",1857,"[""high_word_count""]"
https://lynnvalleycounselling.com/,2026-02-13T15:32:15.256132,200,news,"[""ImageObject"", ""WebPage"", ""ProfessionalService"", ""Article"", ""Organization"", ""WebSite"", ""Person"", ""SearchAction""]",927,"[""meta_article_published""]"
https://freecounsellingcanada.janeapp.com/,2026-02-13T15:32:16.928069,200,guide,[],5211,"[""high_word_count""]"
https://www.healthlinkbc.ca/mental-health-and-substance-use/mental-health/mental-health-supports-and-resources,2026-02-13T15:32:17.221503,200,guide,[],3556,"[""high_word_count""]"
https://www.opencounseling.com/british-columbia/north-vancouver,2026-02-13T15:32:17.530667,200,other,"[""ImageObject"", ""PostalAddress"", ""WebPage"", ""ContactPoint"", ""Organization"", ""WebSite"", ""SearchAction""]",937,"[""fallback""]"
https://www.healingspaces.center/counselling-services-north-vancouver/,2026-02-13T15:32:18.949045,200,guide,"[""ImageObject"", ""WebPage"", ""SearchAction"", ""EntryPoint"", ""ReadAction"", ""WebSite"", ""BreadcrumbList"", ""PropertyValueSpecification"", ""ListItem""]",1587,"[""high_word_count""]"
https://www.heretohelp.bc.ca/q-and-a/where-can-i-find-free-or-low-cost-counselling,2026-02-13T15:32:44.672349,200,other,[],747,"[""fallback""]"
https://www.vancouverpsychologycentre.com/free-low-cost-resources-in-the-lower-mainland/,2026-02-13T15:32:44.959599,200,news,"[""ImageObject"", ""WebPage"", ""Article"", ""WebSite"", ""Person"", ""Organization""]",416,"[""meta_article_published""]"
https://bc.cmha.ca/documents/getting-help-for-mental-illnesses-2/,2026-02-13T15:32:46.313227,200,guide,"[""ImageObject"", ""WebPage"", ""SearchAction"", ""EntryPoint"", ""ReadAction"", ""Organization"", ""WebSite"", ""BreadcrumbList"", ""PropertyValueSpecification"", ""ListItem""]",2074,"[""high_word_count""]"
https://affordabletherapynetwork.com/vancouver/,2026-02-13T15:32:46.877753,200,other,"[""ImageObject"", ""WebPage"", ""SearchAction"", ""EntryPoint"", ""ReadAction"", ""Organization"", ""WebSite"", ""BreadcrumbList"", ""PropertyValueSpecification"", ""ListItem""]",681,"[""fallback""]"
https://movingforward.help/,2026-02-13T15:32:47.067965,200,other,[],1073,"[""fallback""]"
http://www.mcs.bc.ca/pdf/counselling_resources_december_2020.pdf,2026-02-13T15:32:47.278580,200,pdf,[],0,"[""url_extension_or_header""]"
https://waypointcounselling.ca/,2026-02-13T15:32:50.434936,200,other,"[""ImageObject"", ""PostalAddress"", ""WebPage"", ""SearchAction"", ""GeoCoordinates"", ""ProfessionalService"", ""EntryPoint"", ""ReadAction"", ""Organization"", ""WebSite"", ""BreadcrumbList"", ""PropertyValueSpecification"", ""ListItem""]",816,"[""fallback""]"
https://www.vch.ca/en/health-topics/vancouver-mental-health-and-substance-use-services,2026-02-13T15:32:50.488499,403,other,[],82,"[""fallback""]"
https://www.safespacecounselling.ca/low-cost-therapy,2026-02-13T15:32:50.764197,200,service,[],853,"[""service_keywords:pricing,contact us""]"
https://mosaicbc.org/our-services/health-and-counselling/,2026-02-13T15:32:50.956747,200,other,"[""ImageObject"", ""WebPage"", ""SearchAction"", ""EntryPoint"", ""ReadAction"", ""Organization"", ""WebSite"", ""BreadcrumbList"", ""PropertyValueSpecification"", ""ListItem""]",1110,"[""fallback""]"
https://counsellingbc.com/,2026-02-13T15:32:51.222862,200,other,[],1321,"[""fallback""]"
https://sfss.ca/wp-content/uploads/2022/02/reduced-cost-counselling-january-2022-reduced-cost-counselling.pdf,2026-02-13T15:33:19.747302,200,pdf,[],0,"[""url_extension_or_header""]"
https://www.nofearcounselling.com/rates/low-cost-free-counselling,2026-02-13T15:33:20.557680,200,service,[],1048,"[""service_keywords:pricing,contact us""]"
https://www.reddit.com/r/NiceVancouver/comments/1ic98fn/lowcost_barrier_free_accessible_counselling_and/,2026-02-13T15:33:21.616924,200,other,[],307,"[""fallback""]"
https://www.vantherapy.ca/low-cost-counselling,2026-02-13T15:33:22.647749,200,other,"[""WebSite"", ""LocalBusiness""]",613,"[""fallback""]"
https://movingforward.help/get-started,2026-02-13T15:33:23.137216,200,guide,[],4198,"[""high_word_count""]"
https://www.intersectiontherapy.ca/fees,2026-02-13T15:33:24.528585,200,other,[],601,"[""fallback""]"
https://www.vancouvercounsellingclinic.com/,2026-02-13T15:33:25.696860,200,news,"[""ImageObject"", ""Corporation"", ""WebPage"", ""Article"", ""Organization"", ""WebSite"", ""Person"", ""SearchAction""]",1342,"[""meta_article_published""]"
https://keltymentalhealth.ca/are-there-free-or-low-cost-counselling-options-my-child,2026-02-13T15:33:26.161302,200,other,[],1478,"[""fallback""]"
https://selcedu.com/wp-content/uploads/2025/02/Appendix-C-Counselling-Services.pdf,2026-02-13T15:33:26.780932,200,pdf,[],0,"[""url_extension_or_header""]"
https://vcfi.ca/,2026-02-13T15:33:58.307408,200,other,[],449,"[""fallback""]"
https://www.psychologytoday.com/ca/therapists/bc/vancouver?category=family-therapy,2026-02-13T15:34:00.141708,200,guide,"[""Organization"", ""Country"", ""Place"", ""PostalAddress"", ""GeoCoordinates"", ""SearchResultsPage"", ""Person""]",4748,"[""high_word_count""]"
https://www.blueskywellnessclinic.ca/marriage-and-relationship-issues/,2026-02-13T15:34:00.705459,200,other,"[""AggregateRating"", ""aggregateOffer"", ""Product""]",1084,"[""fallback""]"
https://www.reddit.com/r/vancouver/comments/16rg958/anyone_know_a_good_couples_therapist/,2026-02-13T15:34:02.312928,200,other,[],247,"[""fallback""]"
https://rcav.org/counsellors/21,2026-02-13T15:34:02.829732,200,other,[],503,"[""fallback""]"
https://counselling-vancouver.com/,2026-02-13T15:34:03.697311,200,news,"[""ImageObject"", ""WebPage"", ""Article"", ""Organization"", ""WebSite"", ""Person"", ""SearchAction""]",2222,"[""meta_article_published""]"
https://skylarkclinic.ca/our-services/marriage-counselling/,2026-02-13T15:34:04.751312,200,guide,"[""ImageObject"", ""QuantitativeValue"", ""WebPage"", ""SearchAction"", ""EntryPoint"", ""ReadAction"", ""Organization"", ""WebSite"", ""BreadcrumbList"", ""PropertyValueSpecification"", ""ListItem""]",1506,"[""high_word_count""]"
https://counsellinggroup.org/services/couples-marriage-counselling/,2026-02-13T15:34:06.402134,200,other,"[""ImageObject"", ""WebPage"", ""SearchAction"", ""EntryPoint"", ""ReadAction"", ""Organization"", ""WebSite"", ""BreadcrumbList"", ""PropertyValueSpecification"", ""ListItem""]",1433,"[""fallback""]"
https://www.lovedonewell.com/,2026-02-13T15:34:11.758433,200,service,"[""WebSite"", ""Organization""]",863,"[""service_keywords:book appointment,contact us""]"
https://bestmarriages.ca/,2026-02-13T15:34:16.887788,200,service,"[""ImageObject"", ""Person"", ""Place"", ""PostalAddress"", ""WebPage"", ""ListItem"", ""ContactPoint"", ""EntryPoint"", ""ReadAction"", ""Organization"", ""WebSite"", ""BreadcrumbList"", ""OpeningHoursSpecification"", ""SearchAction""]",1015,"[""service_keywords:our services,contact us""]"
https://www.vancouverpsychologycentre.com/service/resilient-couples/,2026-02-13T15:34:17.042058,200,service,[],564,"[""service_keywords:our services,contact us""]"
https://www.nofearcounselling.com/best-couples-counselling-vancouver,2026-02-13T15:34:20.074512,200,directory,[],1415,"[""url_pattern_directory""]"
https://drregev.com/blog/how-to-choose-a-counsellor-in-vancouver-that-is-right-for-you/,2026-02-13T15:35:07.194795,200,news,"[""ImageObject"", ""CommentAction"", ""LocalBusiness"", ""Person"", ""PostalAddress"", ""WebPage"", ""SearchAction"", ""Article"", ""EntryPoint"", ""ReadAction"", ""WebSite"", ""BreadcrumbList"", ""PropertyValueSpecification"", ""ListItem""]",1139,"[""meta_article_published""]"
https://www.jerichocounselling.com/couples-marriage-counselling/choosing-marriage-counsellor/,2026-02-13T15:35:08.185658,200,guide,"[""WebPage"", ""SearchAction"", ""EntryPoint"", ""ReadAction"", ""WebSite"", ""BreadcrumbList"", ""PropertyValueSpecification"", ""ListItem""]",1872,"[""high_word_count""]"
https://www.firstsession.com/resources/how-to-find-a-therapist-in-vancouver,2026-02-13T15:35:20.414921,200,guide,"[""ImageObject"", ""BreadcrumbList"", ""PostalAddress"", ""WebPage"", ""ContactPoint"", ""Article"", ""ListItem"", ""Person"", ""Organization""]",4809,"[""title_informational""]"
https://counsellingbc.com/counsellors/vancouver?category=332&approach=family%20therapy,2026-02-13T15:35:20.679593,200,guide,[],3021,"[""high_word_count""]"
https://vancouverdivision.com/choosing-therapy/,2026-02-13T15:35:21.285310,200,news,"[""ImageObject"", ""WebPage"", ""Organization"", ""WebSite"", ""BreadcrumbList"", ""ListItem""]",3929,"[""meta_article_published""]"
https://www.reddit.com/r/vancouver/comments/18wy3qw/any_recommendations_for_couples_councelling_or/,2026-02-13T15:35:22.044803,200,other,[],256,"[""fallback""]"
https://counsellingbc.com/counsellors/vancouver?destination=user/559&area=family%20issues,2026-02-13T15:35:23.451541,200,guide,[],3178,"[""high_word_count""]"
https://burnabycounsellors.com/,2026-02-13T15:35:24.335842,200,guide,[],1818,"[""high_word_count""]"
https://therapists.therapymantra.co/therapist/Canada/british-columbia/vancouver/specialization/marriage,2026-02-13T15:35:27.483125,200,service,"[""ImageObject"", ""FAQPage"", ""Organization"", ""Physician"", ""PostalAddress"", ""SearchAction"", ""CreativeWork"", ""MedicalTherapy"", ""WebPage"", ""Question"", ""EntryPoint"", ""Answer"", ""Map"", ""GeoCoordinates"", ""WebSite"", ""Offer"", ""PropertyValue""]",529,"[""service_keywords:pricing,contact us""]"
https://psychologists.bc.ca/find-psychologist,2026-02-13T15:35:33.914195,200,directory,[],880,"[""url_pattern_directory""]"
https://trustanalytica.org/ca/bc/vancouver/best-family-counselors,2026-02-13T15:35:35.103046,200,directory,"[""LocalBusiness"", ""State"", ""PostalAddress"", ""Review"", ""GeoCoordinates"", ""Rating"", ""AggregateRating"", ""Person"", ""OpeningHoursSpecification"", ""City""]",2957,"[""url_pattern_directory""]"
https://www.nofearcounselling.com/how-much-does-couples-counselling-cost-in-vancouver,2026-02-13T15:36:01.191336,200,news,[],1211,"[""meta_article_published""]"
https://www.ianbond.ca/rates.htm,2026-02-13T15:36:01.672346,200,other,[],626,"[""fallback""]"
https://eastvancouvercounselling.ca/,2026-02-13T15:36:02.484783,200,other,"[""ImageObject"", ""WebPage"", ""SearchAction"", ""EntryPoint"", ""ReadAction"", ""Organization"", ""WebSite"", ""BreadcrumbList"", ""PropertyValueSpecification"", ""ListItem""]",787,"[""fallback""]"
https://www.ctcounselling.com/rates-and-insurance,2026-02-13T15:36:02.827018,200,other,[],508,"[""fallback""]"
https://psych-clinic.sites.olt.ubc.ca/files/2024/07/2023-Updated-Therapy-Referrals-Free-and-Low-Cost.pdf,2026-02-13T15:36:03.024653,200,pdf,[],0,"[""url_extension_or_header""]"
https://www.lavendercounselling.com/standard-fees/,2026-02-13T15:36:04.567597,200,service,"[""ImageObject"", ""WebPage"", ""SearchAction"", ""EntryPoint"", ""ReadAction"", ""Organization"", ""WebSite"", ""BreadcrumbList"", ""PropertyValueSpecification"", ""ListItem""]",413,"[""service_keywords:our services,contact us""]"
https://expressionscounselling.com/rates/,2026-02-13T15:36:07.089158,200,service,"[""ImageObject"", ""WebPage"", ""SearchAction"", ""EntryPoint"", ""ReadAction"", ""Organization"", ""WebSite"", ""BreadcrumbList"", ""PropertyValueSpecification"", ""ListItem""]",642,"[""service_keywords:our services,contact us""]"
https://counselmevancouver.com/rates/,2026-02-13T15:36:08.818612,200,service,"[""ImageObject"", ""WebPage"", ""ListItem"", ""EntryPoint"", ""ReadAction"", ""Organization"", ""WebSite"", ""BreadcrumbList"", ""SearchAction""]",2272,"[""service_keywords:our services,contact us""]"
https://willowtreecounselling.ca/wp-content/uploads/resources/reduced-cost-counselling.pdf,2026-02-13T15:36:09.002906,200,pdf,[],0,"[""url_extension_or_header""]"
https://www.counselling.ca/fees,2026-02-13T15:36:09.783534,200,other,[],697,"[""fallback""]"
https://equimindcounselling.com/how-much-does-counselling-cost-in-vancouver/,2026-02-13T15:36:11.273197,200,news,"[""ImageObject"", ""CommentAction"", ""Person"", ""WebPage"", ""SearchAction"", ""Article"", ""EntryPoint"", ""ReadAction"", ""Organization"", ""WebSite"", ""BreadcrumbList"", ""PropertyValueSpecification"", ""ListItem""]",1163,"[""meta_article_published""]"
https://www.youthwise.ca/rates.html,2026-02-13T15:36:11.586854,200,service,[],450,"[""service_keywords:our services,contact us""]"
https://helpstartshere.gov.bc.ca/blog/free-or-low-cost-services-bc,2026-02-13T15:36:11.815001,200,other,[],1396,"[""fallback""]"
https://www.vitalitycollective.ca/psychology-blog/vancouver-couple-counselling,2026-02-13T15:36:12.565368,200,guide,"[""LocalBusiness"", ""ImageObject"", ""Article"", ""WebSite"", ""Organization""]",2084,"[""high_word_count""]"
https://www.averytherapy.com/low-cost-counselling-vancouver,2026-02-13T15:36:12.797672,200,other,"[""WebPage""]",1100,"[""fallback""]"
https://counsellingbc.com/counsellors/north-vancouver,2026-02-13T17:05:18.462563,200,guide,[],2941,"[""high_word_count""]"
https://boomerangcc.ca/,2026-02-13T17:05:18.615904,200,other,"[""EntryPoint"", ""SearchAction"", ""PropertyValueSpecification"", ""WebSite"", ""ImageObject"", ""Organization"", ""WebPage"", ""ReadAction"", ""ListItem"", ""BreadcrumbList""]",1369,"[""fallback""]"
https://openspacecounselling.ca/north-vancouver-counselling-services/,2026-02-13T17:05:21.017598,200,other,"[""EntryPoint"", ""SearchAction"", ""Offer"", ""ImageObject"", ""ReadAction"", ""Person"", ""Question"", ""PostalAddress"", ""Organization"", ""AggregateRating"", ""FAQPage"", ""OpeningHoursSpecification"", ""Service"", ""ListItem"", ""Country"", ""PropertyValueSpecification"", ""LocalBusiness"", ""WebSite"", ""Answer"", ""WebPage"", ""BreadcrumbList""]",941,"[""fallback""]"
https://www.psychologytoday.com/ca/therapists/bc/north-vancouver,2026-02-13T17:05:22.772645,200,guide,"[""PostalAddress"", ""GeoCoordinates"", ""Organization"", ""SearchResultsPage"", ""Place"", ""Person"", ""Country""]",5341,"[""high_word_count""]"
https://northwestvancouver.cmha.bc.ca/programs-and-services/counselling/,2026-02-13T17:05:24.813083,200,guide,"[""EntryPoint"", ""SearchAction"", ""PropertyValueSpecification"", ""WebSite"", ""ImageObject"", ""Organization"", ""WebPage"", ""ReadAction"", ""ListItem"", ""BreadcrumbList""]",2108,"[""high_word_count""]"
